contributors,coordinates,created_at,display_text_range,entities,extended_entities,favorite_count,favorited,full_text,geo,id,id_str,in_reply_to_screen_name,in_reply_to_status_id,in_reply_to_status_id_str,in_reply_to_user_id,in_reply_to_user_id_str,is_quote_status,lang,metadata,place,possibly_sensitive,quoted_status,quoted_status_id,quoted_status_id_str,retweet_count,retweeted,retweeted_status,source,truncated,user
,,Wed Apr 17 04:23:17 +0000 2019,"[10, 165]","{'hashtags': [], 'symbols': [], 'user_mentions': [{'screen_name': 'AmiAdami', 'name': 'üêî', 'id': 1951423428, 'id_str': '1951423428', 'indices': [0, 9]}], 'urls': []}",,0,False,Hi Maaf atas kesulitan Untuk makluman perkhidmatan unifi akan available secara berperingkat bergantung pada infrastruktur amp permintaan kawasan anda,,1118369312807489538,1118369312807489538,AmiAdami,1.118365780029182e+18,1118365780029181958,1951423428.0,1951423428,False,in,"{'iso_language_code': 'in', 'result_type': 'recent'}",,,,,,0,False,,"<a href=""https://www.lithium.com"" rel=""nofollow"">Lithium Tech.</a>",False,"{'id': 337579340, 'id_str': '337579340', 'name': 'help me unifi', 'screen_name': 'helpmeunifi', 'location': 'Kuala Lumpur, Malaysia', 'description': 'Official account for TM service-related support and queries. We are online everyday 9 am - 12 am including Public Holidays. For Rules of Engagement, visit', 'url': 'https://t.co/hMO4gbGUzH', 'entities': {'url': {'urls': [{'url': 'https://t.co/hMO4gbGUzH', 'expanded_url': 'https://www.tm.com.my/OnlineHelp/CustomerSupport/Pages/ServiceCenter.aspx', 'display_url': 'tm.com.my/OnlineHelp/Cus‚Ä¶', 'indices': [0, 23]}]}, 'description': {'urls': []}}, 'protected': False, 'followers_count': 66751, 'friends_count': 24095, 'listed_count': 168, 'created_at': 'Mon Jul 18 07:39:03 +0000 2011', 'favourites_count': 199, 'utc_offset': None, 'time_zone': None, 'geo_enabled': True, 'verified': False, 'statuses_count': 298674, 'lang': 'en', 'contributors_enabled': False, 'is_translator': False, 'is_translation_enabled': False, 'profile_background_color': 'ABB8C2', 'profile_background_image_url': 'http://abs.twimg.com/images/themes/theme15/bg.png', 'profile_background_image_url_https': 'https://abs.twimg.com/images/themes/theme15/bg.png', 'profile_background_tile': False, 'profile_image_url': 'http://pbs.twimg.com/profile_images/1057861756171612160/r3X93kUr_normal.jpg', 'profile_image_url_https': 'https://pbs.twimg.com/profile_images/1057861756171612160/r3X93kUr_normal.jpg', 'profile_banner_url': 'https://pbs.twimg.com/profile_banners/337579340/1542184984', 'profile_link_color': 'F25B26', 'profile_sidebar_border_color': '000000', 'profile_sidebar_fill_color': 'DDEEF6', 'profile_text_color': '333333', 'profile_use_background_image': False, 'has_extended_profile': False, 'default_profile': False, 'default_profile_image': False, 'following': True, 'follow_request_sent': False, 'notifications': False, 'translator_type': 'none'}"
,,Wed Apr 17 04:20:06 +0000 2019,"[25, 243]","{'hashtags': [], 'symbols': [], 'user_mentions': [{'screen_name': 'luke_karim', 'name': 'Luqman Karim', 'id': 712567187005771776, 'id_str': '712567187005771776', 'indices': [0, 11]}, {'screen_name': 'techsupremo', 'name': 'Nazri Ishak', 'id': 22066071, 'id_str': '22066071', 'indices': [12, 24]}], 'urls': []}",,0,False,karim it was just a joke but i do feel you my hometown is shah alam the unifi experience became iffy when they started the 30 50 Mbps pilot back then its better now but can still see jitters from time to time on unifi tv,,1118368512467197954,1118368512467197954,luke_karim,1.1183642512975831e+18,1118364251297583104,7.125671870057718e+17,712567187005771776,False,en,"{'iso_language_code': 'en', 'result_type': 'recent'}",,,,,,0,False,,"<a href=""https://about.twitter.com/products/tweetdeck"" rel=""nofollow"">TweetDeck</a>",False,"{'id': 2829771, 'id_str': '2829771', 'name': 'Syefri Zulkefli', 'screen_name': 'chapree', 'location': 'Kuala Lumpur, Malaysia', 'description': 'Editor for @LowyatNET | Loves tech, running, streetwear, motorcycles, music, cats, football, sports | Tweets are of my own opinions unless mentioned.', 'url': 'https://t.co/tN0S7BqyQ7', 'entities': {'url': {'urls': [{'url': 'https://t.co/tN0S7BqyQ7', 'expanded_url': 'http://www.chiefchapree.net', 'display_url': 'chiefchapree.net', 'indices': [0, 23]}]}, 'description': {'urls': []}}, 'protected': False, 'followers_count': 4101, 'friends_count': 3250, 'listed_count': 127, 'created_at': 'Thu Mar 29 12:01:00 +0000 2007', 'favourites_count': 833, 'utc_offset': None, 'time_zone': None, 'geo_enabled': True, 'verified': False, 'statuses_count': 107979, 'lang': 'en', 'contributors_enabled': False, 'is_translator': False, 'is_translation_enabled': False, 'profile_background_color': 'FFD261', 'profile_background_image_url': 'http://abs.twimg.com/images/themes/theme1/bg.png', 'profile_background_image_url_https': 'https://abs.twimg.com/images/themes/theme1/bg.png', 'profile_background_tile': False, 'profile_image_url': 'http://pbs.twimg.com/profile_images/1061909130317750272/LZaxGt6g_normal.jpg', 'profile_image_url_https': 'https://pbs.twimg.com/profile_images/1061909130317750272/LZaxGt6g_normal.jpg', 'profile_banner_url': 'https://pbs.twimg.com/profile_banners/2829771/1460342406', 'profile_link_color': '0000FF', 'profile_sidebar_border_color': '87BC44', 'profile_sidebar_fill_color': 'E0FF92', 'profile_text_color': '000000', 'profile_use_background_image': True, 'has_extended_profile': True, 'default_profile': False, 'default_profile_image': False, 'following': False, 'follow_request_sent': False, 'notifications': False, 'translator_type': 'none'}"
,,Wed Apr 17 04:19:07 +0000 2019,"[8, 148]","{'hashtags': [], 'symbols': [], 'user_mentions': [{'screen_name': 'mhd4zi', 'name': 'M F H üá≤üáæüîõ', 'id': 924864703, 'id_str': '924864703', 'indices': [0, 7]}], 'urls': []}",,0,False,dah 2 tahun lebih guna unifi mmg x mngecewakan utk yg heavy user mcm aku sbulan guna up to 50gb sbb mmg UNLIMITED line pun laju,,1118368265607286790,1118368265607286790,mhd4zi,1.118153010176127e+18,1118153010176126976,924864703.0,924864703,False,in,"{'iso_language_code': 'in', 'result_type': 'recent'}",,,,,,0,False,,"<a href=""http://twitter.com/download/iphone"" rel=""nofollow"">Twitter for iPhone</a>",False,"{'id': 814687921873616896, 'id_str': '814687921873616896', 'name': 'Veeliouss', 'screen_name': 'veeliouss', 'location': 'Seremban, Negeri Sembilan', 'description': 'Instagram ‚ñ∂Ô∏èPhone accessories : @veeliouss Casing Ready stock : @veelwhilly  To order : DM or whatsapp 017 319 1774', 'url': None, 'entities': {'description': {'urls': []}}, 'protected': False, 'followers_count': 933, 'friends_count': 4543, 'listed_count': 2, 'created_at': 'Fri Dec 30 04:21:51 +0000 2016', 'favourites_count': 659, 'utc_offset': None, 'time_zone': None, 'geo_enabled': False, 'verified': False, 'statuses_count': 230, 'lang': 'en', 'contributors_enabled': False, 'is_translator': False, 'is_translation_enabled': False, 'profile_background_color': 'F5F8FA', 'profile_background_image_url': None, 'profile_background_image_url_https': None, 'profile_background_tile': False, 'profile_image_url': 'http://pbs.twimg.com/profile_images/814691548944220160/3vOqfK7M_normal.jpg', 'profile_image_url_https': 'https://pbs.twimg.com/profile_images/814691548944220160/3vOqfK7M_normal.jpg', 'profile_link_color': '1DA1F2', 'profile_sidebar_border_color': 'C0DEED', 'profile_sidebar_fill_color': 'DDEEF6', 'profile_text_color': '333333', 'profile_use_background_image': True, 'has_extended_profile': False, 'default_profile': True, 'default_profile_image': False, 'following': False, 'follow_request_sent': False, 'notifications': False, 'translator_type': 'none'}"
,,Wed Apr 17 04:12:20 +0000 2019,"[9, 90]","{'hashtags': [], 'symbols': [], 'user_mentions': [{'screen_name': 'ehyanaa', 'name': 'Yana', 'id': 68959323, 'id_str': '68959323', 'indices': [0, 8]}], 'urls': []}",,0,False,Knpa x terminate pastu pasang plan lain Unifi lite pun pakai fiber optic jgk kn,,1118366559880323072,1118366559880323072,ehyanaa,1.1183637858976195e+18,1118363785897619459,68959323.0,68959323,False,in,"{'iso_language_code': 'in', 'result_type': 'recent'}",,,,,,0,False,,"<a href=""http://twitter.com/download/android"" rel=""nofollow"">Twitter for Android</a>",False,"{'id': 2453850635, 'id_str': '2453850635', 'name': 'Azuan Alias', 'screen_name': 'azuan_tra', 'location': 'Kulim, Kedah', 'description': 'Jgn dok buang masa stalk.. sesungguhnya anda dalam kerugian..', 'url': None, 'entities': {'description': {'urls': []}}, 'protected': False, 'followers_count': 149, 'friends_count': 134, 'listed_count': 2, 'created_at': 'Wed Apr 02 02:29:25 +0000 2014', 'favourites_count': 782, 'utc_offset': None, 'time_zone': None, 'geo_enabled': True, 'verified': False, 'statuses_count': 5888, 'lang': 'en', 'contributors_enabled': False, 'is_translator': False, 'is_translation_enabled': False, 'profile_background_color': 'C0DEED', 'profile_background_image_url': 'http://abs.twimg.com/images/themes/theme1/bg.png', 'profile_background_image_url_https': 'https://abs.twimg.com/images/themes/theme1/bg.png', 'profile_background_tile': False, 'profile_image_url': 'http://pbs.twimg.com/profile_images/758996579650932736/XdJuD1sF_normal.jpg', 'profile_image_url_https': 'https://pbs.twimg.com/profile_images/758996579650932736/XdJuD1sF_normal.jpg', 'profile_banner_url': 'https://pbs.twimg.com/profile_banners/2453850635/1421829832', 'profile_link_color': '1DA1F2', 'profile_sidebar_border_color': 'C0DEED', 'profile_sidebar_fill_color': 'DDEEF6', 'profile_text_color': '333333', 'profile_use_background_image': True, 'has_extended_profile': False, 'default_profile': True, 'default_profile_image': False, 'following': False, 'follow_request_sent': False, 'notifications': False, 'translator_type': 'none'}"
,,Wed Apr 17 04:08:48 +0000 2019,"[0, 16]","{'hashtags': [{'text': 'password', 'indices': [0, 9]}, {'text': 'unifi', 'indices': [10, 16]}], 'symbols': [], 'user_mentions': [], 'urls': [], 'media': [{'id': 1118365656532094983, 'id_str': '1118365656532094983', 'indices': [17, 40], 'media_url': 'http://pbs.twimg.com/media/D4U7o6aXkAcoxGz.jpg', 'media_url_https': 'https://pbs.twimg.com/media/D4U7o6aXkAcoxGz.jpg', 'url': 'https://t.co/ygDxdvEqSD', 'display_url': 'pic.twitter.com/ygDxdvEqSD', 'expanded_url': 'https://twitter.com/zulmohammed/status/1118365667479175174/photo/1', 'type': 'photo', 'sizes': {'thumb': {'w': 150, 'h': 150, 'resize': 'crop'}, 'large': {'w': 1536, 'h': 2048, 'resize': 'fit'}, 'small': {'w': 510, 'h': 680, 'resize': 'fit'}, 'medium': {'w': 900, 'h': 1200, 'resize': 'fit'}}}]}","{'media': [{'id': 1118365656532094983, 'id_str': '1118365656532094983', 'indices': [17, 40], 'media_url': 'http://pbs.twimg.com/media/D4U7o6aXkAcoxGz.jpg', 'media_url_https': 'https://pbs.twimg.com/media/D4U7o6aXkAcoxGz.jpg', 'url': 'https://t.co/ygDxdvEqSD', 'display_url': 'pic.twitter.com/ygDxdvEqSD', 'expanded_url': 'https://twitter.com/zulmohammed/status/1118365667479175174/photo/1', 'type': 'photo', 'sizes': {'thumb': {'w': 150, 'h': 150, 'resize': 'crop'}, 'large': {'w': 1536, 'h': 2048, 'resize': 'fit'}, 'small': {'w': 510, 'h': 680, 'resize': 'fit'}, 'medium': {'w': 900, 'h': 1200, 'resize': 'fit'}}}]}",0,False,password unifi,,1118365667479175174,1118365667479175174,,,,,,False,und,"{'iso_language_code': 'und', 'result_type': 'recent'}",,False,,,,0,False,,"<a href=""http://twitter.com/download/android"" rel=""nofollow"">Twitter for Android</a>",False,"{'id': 264103558, 'id_str': '264103558', 'name': 'zulkifli mohammed', 'screen_name': 'zulmohammed', 'location': 'wilayah persekutuan', 'description': 'adv & sol', 'url': None, 'entities': {'description': {'urls': []}}, 'protected': False, 'followers_count': 115, 'friends_count': 443, 'listed_count': 0, 'created_at': 'Fri Mar 11 10:05:43 +0000 2011', 'favourites_count': 1828, 'utc_offset': None, 'time_zone': None, 'geo_enabled': True, 'verified': False, 'statuses_count': 24720, 'lang': 'en', 'contributors_enabled': False, 'is_translator': False, 'is_translation_enabled': False, 'profile_background_color': 'C0DEED', 'profile_background_image_url': 'http://abs.twimg.com/images/themes/theme1/bg.png', 'profile_background_image_url_https': 'https://abs.twimg.com/images/themes/theme1/bg.png', 'profile_background_tile': False, 'profile_image_url': 'http://pbs.twimg.com/profile_images/1069999612201553920/5w8q3X0__normal.jpg', 'profile_image_url_https': 'https://pbs.twimg.com/profile_images/1069999612201553920/5w8q3X0__normal.jpg', 'profile_banner_url': 'https://pbs.twimg.com/profile_banners/264103558/1457180345', 'profile_link_color': '1DA1F2', 'profile_sidebar_border_color': 'C0DEED', 'profile_sidebar_fill_color': 'DDEEF6', 'profile_text_color': '333333', 'profile_use_background_image': True, 'has_extended_profile': False, 'default_profile': True, 'default_profile_image': False, 'following': False, 'follow_request_sent': False, 'notifications': False, 'translator_type': 'none'}"
,,Wed Apr 17 04:08:19 +0000 2019,"[0, 137]","{'hashtags': [], 'symbols': [], 'user_mentions': [{'screen_name': 'amanz', 'name': 'Amanz', 'id': 49794630, 'id_str': '49794630', 'indices': [3, 9]}], 'urls': [{'url': 'https://t.co/zqaKgDBfIi', 'expanded_url': 'https://amanz.my/2019201772/', 'display_url': 'amanz.my/2019201772/', 'indices': [90, 113]}], 'media': [{'id': 1118078686983540737, 'id_str': '1118078686983540737', 'indices': [114, 137], 'media_url': 'http://pbs.twimg.com/media/D4Q2pFiW0AESqt-.jpg', 'media_url_https': 'https://pbs.twimg.com/media/D4Q2pFiW0AESqt-.jpg', 'url': 'https://t.co/hcAHfWWZug', 'display_url': 'pic.twitter.com/hcAHfWWZug', 'expanded_url': 'https://twitter.com/amanz/status/1118078688749334528/photo/1', 'type': 'photo', 'sizes': {'thumb': {'w': 150, 'h': 150, 'resize': 'crop'}, 'medium': {'w': 950, 'h': 509, 'resize': 'fit'}, 'small': {'w': 680, 'h': 364, 'resize': 'fit'}, 'large': {'w': 950, 'h': 509, 'resize': 'fit'}}, 'source_status_id': 1118078688749334528, 'source_status_id_str': '1118078688749334528', 'source_user_id': 49794630, 'source_user_id_str': '49794630'}]}","{'media': [{'id': 1118078686983540737, 'id_str': '1118078686983540737', 'indices': [114, 137], 'media_url': 'http://pbs.twimg.com/media/D4Q2pFiW0AESqt-.jpg', 'media_url_https': 'https://pbs.twimg.com/media/D4Q2pFiW0AESqt-.jpg', 'url': 'https://t.co/hcAHfWWZug', 'display_url': 'pic.twitter.com/hcAHfWWZug', 'expanded_url': 'https://twitter.com/amanz/status/1118078688749334528/photo/1', 'type': 'photo', 'sizes': {'thumb': {'w': 150, 'h': 150, 'resize': 'crop'}, 'medium': {'w': 950, 'h': 509, 'resize': 'fit'}, 'small': {'w': 680, 'h': 364, 'resize': 'fit'}, 'large': {'w': 950, 'h': 509, 'resize': 'fit'}}, 'source_status_id': 1118078688749334528, 'source_status_id_str': '1118078688749334528', 'source_user_id': 49794630, 'source_user_id_str': '49794630'}]}",0,False,RT Telekom Malaysia Kini Membuka Pendaftaran Pakej Unifi 300Mbps Pada Harga RM199,,1118365545991155712,1118365545991155712,,,,,,False,in,"{'iso_language_code': 'in', 'result_type': 'recent'}",,False,,,,36,False,"{'created_at': 'Tue Apr 16 09:08:26 +0000 2019', 'id': 1118078688749334528, 'id_str': '1118078688749334528', 'full_text': 'Telekom Malaysia Kini Membuka Pendaftaran Pakej Unifi 300Mbps Pada Harga\xa0RM199 https://t.co/zqaKgDBfIi https://t.co/hcAHfWWZug', 'truncated': False, 'display_text_range': [0, 102], 'entities': {'hashtags': [], 'symbols': [], 'user_mentions': [], 'urls': [{'url': 'https://t.co/zqaKgDBfIi', 'expanded_url': 'https://amanz.my/2019201772/', 'display_url': 'amanz.my/2019201772/', 'indices': [79, 102]}], 'media': [{'id': 1118078686983540737, 'id_str': '1118078686983540737', 'indices': [103, 126], 'media_url': 'http://pbs.twimg.com/media/D4Q2pFiW0AESqt-.jpg', 'media_url_https': 'https://pbs.twimg.com/media/D4Q2pFiW0AESqt-.jpg', 'url': 'https://t.co/hcAHfWWZug', 'display_url': 'pic.twitter.com/hcAHfWWZug', 'expanded_url': 'https://twitter.com/amanz/status/1118078688749334528/photo/1', 'type': 'photo', 'sizes': {'thumb': {'w': 150, 'h': 150, 'resize': 'crop'}, 'medium': {'w': 950, 'h': 509, 'resize': 'fit'}, 'small': {'w': 680, 'h': 364, 'resize': 'fit'}, 'large': {'w': 950, 'h': 509, 'resize': 'fit'}}}]}, 'extended_entities': {'media': [{'id': 1118078686983540737, 'id_str': '1118078686983540737', 'indices': [103, 126], 'media_url': 'http://pbs.twimg.com/media/D4Q2pFiW0AESqt-.jpg', 'media_url_https': 'https://pbs.twimg.com/media/D4Q2pFiW0AESqt-.jpg', 'url': 'https://t.co/hcAHfWWZug', 'display_url': 'pic.twitter.com/hcAHfWWZug', 'expanded_url': 'https://twitter.com/amanz/status/1118078688749334528/photo/1', 'type': 'photo', 'sizes': {'thumb': {'w': 150, 'h': 150, 'resize': 'crop'}, 'medium': {'w': 950, 'h': 509, 'resize': 'fit'}, 'small': {'w': 680, 'h': 364, 'resize': 'fit'}, 'large': {'w': 950, 'h': 509, 'resize': 'fit'}}}]}, 'metadata': {'iso_language_code': 'in', 'result_type': 'recent'}, 'source': '<a href=""http://publicize.wp.com/"" rel=""nofollow"">WordPress.com</a>', 'in_reply_to_status_id': None, 'in_reply_to_status_id_str': None, 'in_reply_to_user_id': None, 'in_reply_to_user_id_str': None, 'in_reply_to_screen_name': None, 'user': {'id': 49794630, 'id_str': '49794630', 'name': 'Amanz', 'screen_name': 'amanz', 'location': 'Malaysia', 'description': 'Berita dan rangkuman dunia teknologi sepenuhnya dalam bahasa Malaysia. Yosh!', 'url': 'http://t.co/HzOuUidCOB', 'entities': {'url': {'urls': [{'url': 'http://t.co/HzOuUidCOB', 'expanded_url': 'http://www.amanz.my', 'display_url': 'amanz.my', 'indices': [0, 22]}]}, 'description': {'urls': []}}, 'protected': False, 'followers_count': 39338, 'friends_count': 26, 'listed_count': 245, 'created_at': 'Mon Jun 22 22:43:24 +0000 2009', 'favourites_count': 29, 'utc_offset': None, 'time_zone': None, 'geo_enabled': True, 'verified': False, 'statuses_count': 55050, 'lang': 'en', 'contributors_enabled': False, 'is_translator': False, 'is_translation_enabled': False, 'profile_background_color': 'C0DEED', 'profile_background_image_url': 'http://abs.twimg.com/images/themes/theme4/bg.gif', 'profile_background_image_url_https': 'https://abs.twimg.com/images/themes/theme4/bg.gif', 'profile_background_tile': False, 'profile_image_url': 'http://pbs.twimg.com/profile_images/503388681911033856/utSi6Q9w_normal.png', 'profile_image_url_https': 'https://pbs.twimg.com/profile_images/503388681911033856/utSi6Q9w_normal.png', 'profile_banner_url': 'https://pbs.twimg.com/profile_banners/49794630/1531125556', 'profile_link_color': '3B94D9', 'profile_sidebar_border_color': 'FFFFFF', 'profile_sidebar_fill_color': '95E8EC', 'profile_text_color': '3C3940', 'profile_use_background_image': True, 'has_extended_profile': False, 'default_profile': False, 'default_profile_image': False, 'following': False, 'follow_request_sent': False, 'notifications': False, 'translator_type': 'none'}, 'geo': None, 'coordinates': None, 'place': None, 'contributors': None, 'is_quote_status': False, 'retweet_count': 36, 'favorite_count': 57, 'favorited': False, 'retweeted': False, 'possibly_sensitive': False, 'lang': 'in'}","<a href=""http://twitter.com/download/iphone"" rel=""nofollow"">Twitter for iPhone</a>",False,"{'id': 1951423428, 'id_str': '1951423428', 'name': 'üêî', 'screen_name': 'AmiAdami', 'location': 'MLK , MY', 'description': 'Semoga impian memiliki rumah sebelum usia 26 tahun tercapai.Amin üôÇ', 'url': 'https://t.co/KTKXHZfriA', 'entities': {'url': {'urls': [{'url': 'https://t.co/KTKXHZfriA', 'expanded_url': 'http://www.instagram.com/amiadami', 'display_url': 'instagram.com/amiadami', 'indices': [0, 23]}]}, 'description': {'urls': []}}, 'protected': False, 'followers_count': 976, 'friends_count': 78, 'listed_count': 17, 'created_at': 'Thu Oct 10 10:55:55 +0000 2013', 'favourites_count': 56592, 'utc_offset': None, 'time_zone': None, 'geo_enabled': True, 'verified': False, 'statuses_count': 79034, 'lang': 'en', 'contributors_enabled': False, 'is_translator': False, 'is_translation_enabled': False, 'profile_background_color': 'FE4365', 'profile_background_image_url': 'http://abs.twimg.com/images/themes/theme3/bg.gif', 'profile_background_image_url_https': 'https://abs.twimg.com/images/themes/theme3/bg.gif', 'profile_background_tile': True, 'profile_image_url': 'http://pbs.twimg.com/profile_images/1114573813256032256/ajquhhkP_normal.jpg', 'profile_image_url_https': 'https://pbs.twimg.com/profile_images/1114573813256032256/ajquhhkP_normal.jpg', 'profile_banner_url': 'https://pbs.twimg.com/profile_banners/1951423428/1552141561', 'profile_link_color': 'FC9D9A', 'profile_sidebar_border_color': '000000', 'profile_sidebar_fill_color': 'C8C8A9', 'profile_text_color': 'F9CDAD', 'profile_use_background_image': True, 'has_extended_profile': False, 'default_profile': False, 'default_profile_image': False, 'following': False, 'follow_request_sent': False, 'notifications': False, 'translator_type': 'none'}"
,,Wed Apr 17 04:01:19 +0000 2019,"[11, 141]","{'hashtags': [], 'symbols': [], 'user_mentions': [{'screen_name': 'azuan_tra', 'name': 'Azuan Alias', 'id': 2453850635, 'id_str': '2453850635', 'indices': [0, 10]}], 'urls': []}",,0,False,tra unifi lite 10mb lps request upgrade dari streamyx Harga maintain sama tapi nak banding dengan pakej unifi lain mmg sakit hati ah,,1118363785897619459,1118363785897619459,azuan_tra,1.1183106136151204e+18,1118310613615120385,2453850635.0,2453850635,False,in,"{'iso_language_code': 'in', 'result_type': 'recent'}",,,,,,0,False,,"<a href=""http://twitter.com/download/android"" rel=""nofollow"">Twitter for Android</a>",False,"{'id': 68959323, 'id_str': '68959323', 'name': 'Yana', 'screen_name': 'ehyanaa', 'location': 'Malaysia', 'description': 'Librocubicularist', 'url': 'https://t.co/3Ql4ZqVvS2', 'entities': {'url': {'urls': [{'url': 'https://t.co/3Ql4ZqVvS2', 'expanded_url': 'https://www.goodreads.com/nurliyana_ahmad', 'display_url': 'goodreads.com/nurliyana_ahmad', 'indices': [0, 23]}]}, 'description': {'urls': []}}, 'protected': False, 'followers_count': 212, 'friends_count': 280, 'listed_count': 2, 'created_at': 'Wed Aug 26 11:55:34 +0000 2009', 'favourites_count': 9707, 'utc_offset': None, 'time_zone': None, 'geo_enabled': False, 'verified': False, 'statuses_count': 9423, 'lang': 'en', 'contributors_enabled': False, 'is_translator': False, 'is_translation_enabled': False, 'profile_background_color': 'B2DFDA', 'profile_background_image_url': 'http://abs.twimg.com/images/themes/theme13/bg.gif', 'profile_background_image_url_https': 'https://abs.twimg.com/images/themes/theme13/bg.gif', 'profile_background_tile': True, 'profile_image_url': 'http://pbs.twimg.com/profile_images/1115593713349042177/6UawKUYd_normal.jpg', 'profile_image_url_https': 'https://pbs.twimg.com/profile_images/1115593713349042177/6UawKUYd_normal.jpg', 'profile_link_color': '91D2FA', 'profile_sidebar_border_color': 'EEEEEE', 'profile_sidebar_fill_color': 'FFFFFF', 'profile_text_color': '333333', 'profile_use_background_image': True, 'has_extended_profile': False, 'default_profile': False, 'default_profile_image': False, 'following': False, 'follow_request_sent': False, 'notifications': False, 'translator_type': 'none'}"
,,Wed Apr 17 03:54:23 +0000 2019,"[0, 132]","{'hashtags': [], 'symbols': [], 'user_mentions': [{'screen_name': 'umobile', 'name': 'U Mobile', 'id': 1965926702, 'id_str': '1965926702', 'indices': [48, 56]}], 'urls': []}",,0,False,dah 3 minggu pakai unifi so far I can conclude punya GX50 better lagi sorry Umobile i dumped you Please jgn buat thread,,1118362041880858625,1118362041880858625,,,,,,False,in,"{'iso_language_code': 'in', 'result_type': 'recent'}",,,,,,0,False,,"<a href=""http://twitter.com/download/android"" rel=""nofollow"">Twitter for Android</a>",False,"{'id': 707990430944604160, 'id_str': '707990430944604160', 'name': 'Hazim', 'screen_name': 'haiyakassim', 'location': 'Perlis, Malaysia', 'description': ""Ambivert. Mudah terhibur.\nTakda apa kat sini, just my personal thought. Somewhere around the 90's"", 'url': None, 'entities': {'description': {'urls': []}}, 'protected': False, 'followers_count': 429, 'friends_count': 248, 'listed_count': 0, 'created_at': 'Thu Mar 10 18:04:07 +0000 2016', 'favourites_count': 801, 'utc_offset': None, 'time_zone': None, 'geo_enabled': True, 'verified': False, 'statuses_count': 962, 'lang': 'en', 'contributors_enabled': False, 'is_translator': False, 'is_translation_enabled': False, 'profile_background_color': '000000', 'profile_background_image_url': 'http://abs.twimg.com/images/themes/theme1/bg.png', 'profile_background_image_url_https': 'https://abs.twimg.com/images/themes/theme1/bg.png', 'profile_background_tile': False, 'profile_image_url': 'http://pbs.twimg.com/profile_images/1117803311476772865/z1jkbf5D_normal.jpg', 'profile_image_url_https': 'https://pbs.twimg.com/profile_images/1117803311476772865/z1jkbf5D_normal.jpg', 'profile_banner_url': 'https://pbs.twimg.com/profile_banners/707990430944604160/1553580390', 'profile_link_color': '19CF86', 'profile_sidebar_border_color': '000000', 'profile_sidebar_fill_color': '000000', 'profile_text_color': '000000', 'profile_use_background_image': False, 'has_extended_profile': False, 'default_profile': False, 'default_profile_image': False, 'following': False, 'follow_request_sent': False, 'notifications': False, 'translator_type': 'none'}"
,,Wed Apr 17 03:45:41 +0000 2019,"[0, 51]","{'hashtags': [], 'symbols': [], 'user_mentions': [], 'urls': []}",,0,False,Hello we monthly pay for unifi not babi so please,,1118359852642914305,1118359852642914305,,,,,,False,en,"{'iso_language_code': 'en', 'result_type': 'recent'}",,,,,,0,False,,"<a href=""http://twitter.com/download/android"" rel=""nofollow"">Twitter for Android</a>",False,"{'id': 984971161351045120, 'id_str': '984971161351045120', 'name': 'Izzat Fazriee Jafri', 'screen_name': '_____mett_____', 'location': 'Malaysia', 'description': 'ÿµÿ®ÿ±', 'url': None, 'entities': {'description': {'urls': []}}, 'protected': False, 'followers_count': 55, 'friends_count': 294, 'listed_count': 0, 'created_at': 'Sat Apr 14 01:46:39 +0000 2018', 'favourites_count': 118, 'utc_offset': None, 'time_zone': None, 'geo_enabled': False, 'verified': False, 'statuses_count': 1570, 'lang': 'en', 'contributors_enabled': False, 'is_translator': False, 'is_translation_enabled': False, 'profile_background_color': 'F5F8FA', 'profile_background_image_url': None, 'profile_background_image_url_https': None, 'profile_background_tile': False, 'profile_image_url': 'http://pbs.twimg.com/profile_images/984972224275800064/w4QFImWd_normal.jpg', 'profile_image_url_https': 'https://pbs.twimg.com/profile_images/984972224275800064/w4QFImWd_normal.jpg', 'profile_banner_url': 'https://pbs.twimg.com/profile_banners/984971161351045120/1523684899', 'profile_link_color': '1DA1F2', 'profile_sidebar_border_color': 'C0DEED', 'profile_sidebar_fill_color': 'DDEEF6', 'profile_text_color': '333333', 'profile_use_background_image': True, 'has_extended_profile': True, 'default_profile': True, 'default_profile_image': False, 'following': False, 'follow_request_sent': False, 'notifications': False, 'translator_type': 'none'}"
,,Wed Apr 17 03:41:00 +0000 2019,"[0, 10]","{'hashtags': [], 'symbols': [], 'user_mentions': [], 'urls': []}",,0,False,unifi babi,,1118358673024278529,1118358673024278529,,,,,,False,ro,"{'iso_language_code': 'ro', 'result_type': 'recent'}",,,,,,0,False,,"<a href=""http://twitter.com/download/android"" rel=""nofollow"">Twitter for Android</a>",False,"{'id': 984971161351045120, 'id_str': '984971161351045120', 'name': 'Izzat Fazriee Jafri', 'screen_name': '_____mett_____', 'location': 'Malaysia', 'description': 'ÿµÿ®ÿ±', 'url': None, 'entities': {'description': {'urls': []}}, 'protected': False, 'followers_count': 55, 'friends_count': 294, 'listed_count': 0, 'created_at': 'Sat Apr 14 01:46:39 +0000 2018', 'favourites_count': 118, 'utc_offset': None, 'time_zone': None, 'geo_enabled': False, 'verified': False, 'statuses_count': 1570, 'lang': 'en', 'contributors_enabled': False, 'is_translator': False, 'is_translation_enabled': False, 'profile_background_color': 'F5F8FA', 'profile_background_image_url': None, 'profile_background_image_url_https': None, 'profile_background_tile': False, 'profile_image_url': 'http://pbs.twimg.com/profile_images/984972224275800064/w4QFImWd_normal.jpg', 'profile_image_url_https': 'https://pbs.twimg.com/profile_images/984972224275800064/w4QFImWd_normal.jpg', 'profile_banner_url': 'https://pbs.twimg.com/profile_banners/984971161351045120/1523684899', 'profile_link_color': '1DA1F2', 'profile_sidebar_border_color': 'C0DEED', 'profile_sidebar_fill_color': 'DDEEF6', 'profile_text_color': '333333', 'profile_use_background_image': True, 'has_extended_profile': True, 'default_profile': True, 'default_profile_image': False, 'following': False, 'follow_request_sent': False, 'notifications': False, 'translator_type': 'none'}"
,,Wed Apr 17 03:39:45 +0000 2019,"[0, 113]","{'hashtags': [], 'symbols': [], 'user_mentions': [{'screen_name': 'unifi', 'name': 'unifi', 'id': 94323843, 'id_str': '94323843', 'indices': [14, 20]}], 'urls': [{'url': 'https://t.co/8JmAc2zlzS', 'expanded_url': 'https://productnation.co/my/tech/electronics/12457/best-wifi-wireless-router-malaysia/', 'display_url': 'productnation.co/my/tech/electr‚Ä¶', 'indices': [90, 113]}]}",,0,False,Bagi yg guna 7 Best Wi Fi Router in Malaysia 2019 ASUS D Link ProductNation,,1118358357151223810,1118358357151223810,,,,,,False,in,"{'iso_language_code': 'in', 'result_type': 'recent'}",,False,,,,0,False,,"<a href=""http://twitter.com/download/iphone"" rel=""nofollow"">Twitter for iPhone</a>",False,"{'id': 242697564, 'id_str': '242697564', 'name': 'Ahmad Ammar üá≤üáæ', 'screen_name': 'Treepies', 'location': 'All Over Malaysia', 'description': ""Pocket computers are humanity's true status symbolsüì±| PSN ID: newbie7788 is where I free the child in me üéÆ"", 'url': None, 'entities': {'description': {'urls': []}}, 'protected': False, 'followers_count': 101, 'friends_count': 127, 'listed_count': 2, 'created_at': 'Tue Jan 25 11:30:12 +0000 2011', 'favourites_count': 13304, 'utc_offset': None, 'time_zone': None, 'geo_enabled': True, 'verified': False, 'statuses_count': 9001, 'lang': 'en', 'contributors_enabled': False, 'is_translator': False, 'is_translation_enabled': False, 'profile_background_color': 'F5F50A', 'profile_background_image_url': 'http://abs.twimg.com/images/themes/theme10/bg.gif', 'profile_background_image_url_https': 'https://abs.twimg.com/images/themes/theme10/bg.gif', 'profile_background_tile': True, 'profile_image_url': 'http://pbs.twimg.com/profile_images/1078303874342019072/PCyuwrmG_normal.jpg', 'profile_image_url_https': 'https://pbs.twimg.com/profile_images/1078303874342019072/PCyuwrmG_normal.jpg', 'profile_banner_url': 'https://pbs.twimg.com/profile_banners/242697564/1554218099', 'profile_link_color': 'D105FA', 'profile_sidebar_border_color': 'FFFFFF', 'profile_sidebar_fill_color': '7AC3EE', 'profile_text_color': '3D1957', 'profile_use_background_image': True, 'has_extended_profile': True, 'default_profile': False, 'default_profile_image': False, 'following': False, 'follow_request_sent': False, 'notifications': False, 'translator_type': 'none'}"
,,Wed Apr 17 03:25:42 +0000 2019,"[0, 258]","{'hashtags': [], 'symbols': [], 'user_mentions': [{'screen_name': 'unifi', 'name': 'unifi', 'id': 94323843, 'id_str': '94323843', 'indices': [0, 6]}, {'screen_name': 'helpmeunifi', 'name': 'help me unifi', 'id': 337579340, 'id_str': '337579340', 'indices': [7, 19]}], 'urls': [], 'media': [{'id': 1118354814511902720, 'id_str': '1118354814511902720', 'indices': [259, 282], 'media_url': 'http://pbs.twimg.com/media/D4Uxx0vUcAAxEJH.jpg', 'media_url_https': 'https://pbs.twimg.com/media/D4Uxx0vUcAAxEJH.jpg', 'url': 'https://t.co/4Oyxfc0Bjl', 'display_url': 'pic.twitter.com/4Oyxfc0Bjl', 'expanded_url': 'https://twitter.com/wonderaaf/status/1118354824213467136/photo/1', 'type': 'photo', 'sizes': {'small': {'w': 314, 'h': 680, 'resize': 'fit'}, 'thumb': {'w': 150, 'h': 150, 'resize': 'crop'}, 'medium': {'w': 554, 'h': 1200, 'resize': 'fit'}, 'large': {'w': 945, 'h': 2048, 'resize': 'fit'}}}]}","{'media': [{'id': 1118354814511902720, 'id_str': '1118354814511902720', 'indices': [259, 282], 'media_url': 'http://pbs.twimg.com/media/D4Uxx0vUcAAxEJH.jpg', 'media_url_https': 'https://pbs.twimg.com/media/D4Uxx0vUcAAxEJH.jpg', 'url': 'https://t.co/4Oyxfc0Bjl', 'display_url': 'pic.twitter.com/4Oyxfc0Bjl', 'expanded_url': 'https://twitter.com/wonderaaf/status/1118354824213467136/photo/1', 'type': 'photo', 'sizes': {'small': {'w': 314, 'h': 680, 'resize': 'fit'}, 'thumb': {'w': 150, 'h': 150, 'resize': 'crop'}, 'medium': {'w': 554, 'h': 1200, 'resize': 'fit'}, 'large': {'w': 945, 'h': 2048, 'resize': 'fit'}}}]}",0,False,not only you overcharge me for the service I get and pay for from you 8mbps for 160rm for the past 5 years without fail but on top of that you harass me every month Shame on you I ve asked to get my package upgraded half a dozen times,,1118354824213467136,1118354824213467136,unifi,,,94323843.0,94323843,False,en,"{'iso_language_code': 'en', 'result_type': 'recent'}",,False,,,,0,False,,"<a href=""http://twitter.com/download/android"" rel=""nofollow"">Twitter for Android</a>",False,"{'id': 15891496, 'id_str': '15891496', 'name': 'raafet chou', 'screen_name': 'wonderaaf', 'location': 'Kuala Lumpur, Wilayah Persekut', 'description': '', 'url': None, 'entities': {'description': {'urls': []}}, 'protected': False, 'followers_count': 58, 'friends_count': 178, 'listed_count': 1, 'created_at': 'Mon Aug 18 13:40:34 +0000 2008', 'favourites_count': 109, 'utc_offset': None, 'time_zone': None, 'geo_enabled': True, 'verified': False, 'statuses_count': 264, 'lang': 'fr', 'contributors_enabled': False, 'is_translator': False, 'is_translation_enabled': False, 'profile_background_color': '1A1B1F', 'profile_background_image_url': 'http://abs.twimg.com/images/themes/theme9/bg.gif', 'profile_background_image_url_https': 'https://abs.twimg.com/images/themes/theme9/bg.gif', 'profile_background_tile': False, 'profile_image_url': 'http://pbs.twimg.com/profile_images/698384640894046208/qlZAY9Y5_normal.jpg', 'profile_image_url_https': 'https://pbs.twimg.com/profile_images/698384640894046208/qlZAY9Y5_normal.jpg', 'profile_banner_url': 'https://pbs.twimg.com/profile_banners/15891496/1400045885', 'profile_link_color': '2FC2EF', 'profile_sidebar_border_color': '181A1E', 'profile_sidebar_fill_color': '252429', 'profile_text_color': '666666', 'profile_use_background_image': True, 'has_extended_profile': False, 'default_profile': False, 'default_profile_image': False, 'following': False, 'follow_request_sent': False, 'notifications': False, 'translator_type': 'none'}"
,,Wed Apr 17 03:11:28 +0000 2019,"[71, 156]","{'hashtags': [], 'symbols': [], 'user_mentions': [{'screen_name': 'kwjy18', 'name': 'xxxjmcxxx', 'id': 162669553, 'id_str': '162669553', 'indices': [0, 7]}, {'screen_name': 'amanz', 'name': 'Amanz', 'id': 49794630, 'id_str': '49794630', 'indices': [8, 14]}, {'screen_name': 'MaxisListens', 'name': 'Maxis', 'id': 141114041, 'id_str': '141114041', 'indices': [15, 28]}, {'screen_name': 'Celcom', 'name': 'Celcom Axiata', 'id': 80787149, 'id_str': '80787149', 'indices': [29, 36]}, {'screen_name': 'digitelco', 'name': 'Digi', 'id': 39452658, 'id_str': '39452658', 'indices': [37, 47]}, {'screen_name': 'GobindSinghDeo', 'name': 'GobindSinghDeo', 'id': 135542370, 'id_str': '135542370', 'indices': [48, 63]}, {'screen_name': 'unifi', 'name': 'unifi', 'id': 94323843, 'id_str': '94323843', 'indices': [64, 70]}], 'urls': []}",,0,False,study dulu pasal 5G baru maki telco jangan samakan 5G dengan 4G jauh benor beza nya,,1118351240251895809,1118351240251895809,kwjy18,1.1163961972272906e+18,1116396197227290624,162669553.0,162669553,False,in,"{'iso_language_code': 'in', 'result_type': 'recent'}",,,,,,0,False,,"<a href=""http://twitter.com/download/iphone"" rel=""nofollow"">Twitter for iPhone</a>",False,"{'id': 1359448554, 'id_str': '1359448554', 'name': 'SUIB', 'screen_name': 'suibfarouk', 'location': 'From Malaysia', 'description': 'SUIB | MALAYSIAN | ALL SOCIAL NETWORK ID : suibfarouk', 'url': 'https://t.co/THZHSKWoAV', 'entities': {'url': {'urls': [{'url': 'https://t.co/THZHSKWoAV', 'expanded_url': 'http://facebook.com/suibfarouk', 'display_url': 'facebook.com/suibfarouk', 'indices': [0, 23]}]}, 'description': {'urls': []}}, 'protected': False, 'followers_count': 710, 'friends_count': 118, 'listed_count': 1, 'created_at': 'Wed Apr 17 13:44:50 +0000 2013', 'favourites_count': 24, 'utc_offset': None, 'time_zone': None, 'geo_enabled': True, 'verified': False, 'statuses_count': 1863, 'lang': 'en', 'contributors_enabled': False, 'is_translator': False, 'is_translation_enabled': False, 'profile_background_color': 'C0DEED', 'profile_background_image_url': 'http://abs.twimg.com/images/themes/theme1/bg.png', 'profile_background_image_url_https': 'https://abs.twimg.com/images/themes/theme1/bg.png', 'profile_background_tile': False, 'profile_image_url': 'http://pbs.twimg.com/profile_images/1009439851396116480/cTNdLS6K_normal.jpg', 'profile_image_url_https': 'https://pbs.twimg.com/profile_images/1009439851396116480/cTNdLS6K_normal.jpg', 'profile_banner_url': 'https://pbs.twimg.com/profile_banners/1359448554/1366599682', 'profile_link_color': '1DA1F2', 'profile_sidebar_border_color': 'C0DEED', 'profile_sidebar_fill_color': 'DDEEF6', 'profile_text_color': '333333', 'profile_use_background_image': True, 'has_extended_profile': True, 'default_profile': True, 'default_profile_image': False, 'following': False, 'follow_request_sent': False, 'notifications': False, 'translator_type': 'none'}"
,,Wed Apr 17 03:10:45 +0000 2019,"[7, 53]","{'hashtags': [], 'symbols': [], 'user_mentions': [{'screen_name': 'unifi', 'name': 'unifi', 'id': 94323843, 'id_str': '94323843', 'indices': [0, 6]}], 'urls': []}",,0,False,No unifi coverage and what is this khabarbaik,,1118351060215533569,1118351060215533569,unifi,1.1180455643466506e+18,1118045564346650624,94323843.0,94323843,False,en,"{'iso_language_code': 'en', 'result_type': 'recent'}",,,,,,0,False,,"<a href=""http://twitter.com/download/android"" rel=""nofollow"">Twitter for Android</a>",False,"{'id': 382639182, 'id_str': '382639182', 'name': 'SeaKnight', 'screen_name': 'KnightintheSea', 'location': '', 'description': '', 'url': None, 'entities': {'description': {'urls': []}}, 'protected': False, 'followers_count': 27, 'friends_count': 173, 'listed_count': 0, 'created_at': 'Fri Sep 30 12:39:58 +0000 2011', 'favourites_count': 528, 'utc_offset': None, 'time_zone': None, 'geo_enabled': True, 'verified': False, 'statuses_count': 447, 'lang': 'en', 'contributors_enabled': False, 'is_translator': False, 'is_translation_enabled': False, 'profile_background_color': 'C0DEED', 'profile_background_image_url': 'http://abs.twimg.com/images/themes/theme1/bg.png', 'profile_background_image_url_https': 'https://abs.twimg.com/images/themes/theme1/bg.png', 'profile_background_tile': False, 'profile_image_url': 'http://pbs.twimg.com/profile_images/1041320922186014721/Ja4Pp9Of_normal.jpg', 'profile_image_url_https': 'https://pbs.twimg.com/profile_images/1041320922186014721/Ja4Pp9Of_normal.jpg', 'profile_link_color': '1DA1F2', 'profile_sidebar_border_color': 'C0DEED', 'profile_sidebar_fill_color': 'DDEEF6', 'profile_text_color': '333333', 'profile_use_background_image': True, 'has_extended_profile': False, 'default_profile': True, 'default_profile_image': False, 'following': False, 'follow_request_sent': False, 'notifications': False, 'translator_type': 'none'}"
,,Wed Apr 17 02:26:53 +0000 2019,"[0, 30]","{'hashtags': [], 'symbols': [], 'user_mentions': [{'screen_name': 'unifi', 'name': 'unifi', 'id': 94323843, 'id_str': '94323843', 'indices': [4, 10]}], 'urls': []}",,0,False,and krikk krikk krikk,,1118340021566656512,1118340021566656512,,,,,,False,no,"{'iso_language_code': 'no', 'result_type': 'recent'}",,,,,,0,False,,"<a href=""http://twitter.com"" rel=""nofollow"">Twitter Web Client</a>",False,"{'id': 1962315258, 'id_str': '1962315258', 'name': 'kadiaq', 'screen_name': 'whatzitstooya', 'location': 'you will not find me ', 'description': '#FZA', 'url': 'https://t.co/0q7a5cMnfU', 'entities': {'url': {'urls': [{'url': 'https://t.co/0q7a5cMnfU', 'expanded_url': 'https://t.me/im_Kadiaq', 'display_url': 't.me/im_Kadiaq', 'indices': [0, 23]}]}, 'description': {'urls': []}}, 'protected': False, 'followers_count': 93, 'friends_count': 1411, 'listed_count': 0, 'created_at': 'Tue Oct 15 10:12:34 +0000 2013', 'favourites_count': 1212, 'utc_offset': None, 'time_zone': None, 'geo_enabled': True, 'verified': False, 'statuses_count': 290, 'lang': 'en', 'contributors_enabled': False, 'is_translator': False, 'is_translation_enabled': False, 'profile_background_color': '000000', 'profile_background_image_url': 'http://abs.twimg.com/images/themes/theme1/bg.png', 'profile_background_image_url_https': 'https://abs.twimg.com/images/themes/theme1/bg.png', 'profile_background_tile': False, 'profile_image_url': 'http://pbs.twimg.com/profile_images/1111907421855715329/GweQ3Yr7_normal.jpg', 'profile_image_url_https': 'https://pbs.twimg.com/profile_images/1111907421855715329/GweQ3Yr7_normal.jpg', 'profile_banner_url': 'https://pbs.twimg.com/profile_banners/1962315258/1529300346', 'profile_link_color': 'ABB8C2', 'profile_sidebar_border_color': '000000', 'profile_sidebar_fill_color': '000000', 'profile_text_color': '000000', 'profile_use_background_image': False, 'has_extended_profile': True, 'default_profile': False, 'default_profile_image': False, 'following': False, 'follow_request_sent': False, 'notifications': False, 'translator_type': 'none'}"
,,Wed Apr 17 02:04:09 +0000 2019,"[0, 6]","{'hashtags': [], 'symbols': [], 'user_mentions': [{'screen_name': 'unifi', 'name': 'unifi', 'id': 94323843, 'id_str': '94323843', 'indices': [0, 6]}], 'urls': []}",,0,False,,,1118334300024266752,1118334300024266752,unifi,,,94323843.0,94323843,False,und,"{'iso_language_code': 'und', 'result_type': 'recent'}",,,,,,0,False,,"<a href=""http://twitter.com/download/android"" rel=""nofollow"">Twitter for Android</a>",False,"{'id': 1115384470360584194, 'id_str': '1115384470360584194', 'name': 'Yong Kim Fai', 'screen_name': 'YongKimFai1', 'location': '', 'description': '', 'url': None, 'entities': {'description': {'urls': []}}, 'protected': False, 'followers_count': 0, 'friends_count': 6, 'listed_count': 0, 'created_at': 'Mon Apr 08 22:42:35 +0000 2019', 'favourites_count': 0, 'utc_offset': None, 'time_zone': None, 'geo_enabled': False, 'verified': False, 'statuses_count': 2, 'lang': 'en', 'contributors_enabled': False, 'is_translator': False, 'is_translation_enabled': False, 'profile_background_color': 'F5F8FA', 'profile_background_image_url': None, 'profile_background_image_url_https': None, 'profile_background_tile': False, 'profile_image_url': 'http://pbs.twimg.com/profile_images/1115385934105567233/GUMCrm_2_normal.jpg', 'profile_image_url_https': 'https://pbs.twimg.com/profile_images/1115385934105567233/GUMCrm_2_normal.jpg', 'profile_banner_url': 'https://pbs.twimg.com/profile_banners/1115384470360584194/1554763704', 'profile_link_color': '1DA1F2', 'profile_sidebar_border_color': 'C0DEED', 'profile_sidebar_fill_color': 'DDEEF6', 'profile_text_color': '333333', 'profile_use_background_image': True, 'has_extended_profile': False, 'default_profile': True, 'default_profile_image': False, 'following': False, 'follow_request_sent': False, 'notifications': False, 'translator_type': 'none'}"
,,Wed Apr 17 01:37:39 +0000 2019,"[0, 48]","{'hashtags': [], 'symbols': [], 'user_mentions': [{'screen_name': 'unifi', 'name': 'unifi', 'id': 94323843, 'id_str': '94323843', 'indices': [42, 48]}], 'urls': [{'url': 'https://t.co/uacG9C9XAX', 'expanded_url': 'https://twitter.com/501Awani/status/1118180323840258048', 'display_url': 'twitter.com/501Awani/statu‚Ä¶', 'indices': [49, 72]}]}",,4,False,then why are my bills still expensive tho,,1118327631970066435,1118327631970066435,,,,,,True,en,"{'iso_language_code': 'en', 'result_type': 'recent'}",,False,"{'created_at': 'Tue Apr 16 15:52:18 +0000 2019', 'id': 1118180323840258048, 'id_str': '1118180323840258048', 'full_text': '#AWANInews #AWANI745 Harga perkhidmatan jalur lebar berkelajuan tinggi menurun 49 peratus - SKMM\nhttps://t.co/IKB8kmBPDg https://t.co/PzQsgcJqsM', 'truncated': False, 'display_text_range': [0, 120], 'entities': {'hashtags': [{'text': 'AWANInews', 'indices': [0, 10]}, {'text': 'AWANI745', 'indices': [11, 20]}], 'symbols': [], 'user_mentions': [], 'urls': [{'url': 'https://t.co/IKB8kmBPDg', 'expanded_url': 'http://www.astroawani.com/berita-malaysia/harga-perkhidmatan-jalur-lebar-berkelajuan-tinggi-menurun-49-peratus-skmm-204860', 'display_url': 'astroawani.com/berita-malaysi‚Ä¶', 'indices': [97, 120]}], 'media': [{'id': 1118180299408457728, 'id_str': '1118180299408457728', 'indices': [121, 144], 'media_url': 'http://pbs.twimg.com/media/D4STDtUUwAAfnyr.jpg', 'media_url_https': 'https://pbs.twimg.com/media/D4STDtUUwAAfnyr.jpg', 'url': 'https://t.co/PzQsgcJqsM', 'display_url': 'pic.twitter.com/PzQsgcJqsM', 'expanded_url': 'https://twitter.com/501Awani/status/1118180323840258048/photo/1', 'type': 'photo', 'sizes': {'thumb': {'w': 150, 'h': 150, 'resize': 'crop'}, 'medium': {'w': 295, 'h': 200, 'resize': 'fit'}, 'small': {'w': 295, 'h': 200, 'resize': 'fit'}, 'large': {'w': 295, 'h': 200, 'resize': 'fit'}}}]}, 'extended_entities': {'media': [{'id': 1118180299408457728, 'id_str': '1118180299408457728', 'indices': [121, 144], 'media_url': 'http://pbs.twimg.com/media/D4STDtUUwAAfnyr.jpg', 'media_url_https': 'https://pbs.twimg.com/media/D4STDtUUwAAfnyr.jpg', 'url': 'https://t.co/PzQsgcJqsM', 'display_url': 'pic.twitter.com/PzQsgcJqsM', 'expanded_url': 'https://twitter.com/501Awani/status/1118180323840258048/photo/1', 'type': 'photo', 'sizes': {'thumb': {'w': 150, 'h': 150, 'resize': 'crop'}, 'medium': {'w': 295, 'h': 200, 'resize': 'fit'}, 'small': {'w': 295, 'h': 200, 'resize': 'fit'}, 'large': {'w': 295, 'h': 200, 'resize': 'fit'}}}]}, 'metadata': {'iso_language_code': 'en', 'result_type': 'recent'}, 'source': '<a href=""https://about.twitter.com/products/tweetdeck"" rel=""nofollow"">TweetDeck</a>', 'in_reply_to_status_id': None, 'in_reply_to_status_id_str': None, 'in_reply_to_user_id': None, 'in_reply_to_user_id_str': None, 'in_reply_to_screen_name': None, 'user': {'id': 497665754, 'id_str': '497665754', 'name': 'üá≤üáæAstro AWANIüá≤üáæ', 'screen_name': '501Awani', 'location': 'Malaysia', 'description': 'üì∫[ASTRO Ch.501] üì°[24/7 #breakingnews channel] üì≤: https://t.co/w1ozoAGtob', 'url': 'https://t.co/UjkpoGyVWx', 'entities': {'url': {'urls': [{'url': 'https://t.co/UjkpoGyVWx', 'expanded_url': 'https://www.astroawani.com', 'display_url': 'astroawani.com', 'indices': [0, 23]}]}, 'description': {'urls': [{'url': 'https://t.co/w1ozoAGtob', 'expanded_url': 'http://bit.ly/AWANIapp', 'display_url': 'bit.ly/AWANIapp', 'indices': [49, 72]}]}}, 'protected': False, 'followers_count': 1682281, 'friends_count': 310, 'listed_count': 1230, 'created_at': 'Mon Feb 20 07:13:13 +0000 2012', 'favourites_count': 1233, 'utc_offset': None, 'time_zone': None, 'geo_enabled': True, 'verified': True, 'statuses_count': 238553, 'lang': 'en', 'contributors_enabled': False, 'is_translator': False, 'is_translation_enabled': False, 'profile_background_color': '000000', 'profile_background_image_url': 'http://abs.twimg.com/images/themes/theme1/bg.png', 'profile_background_image_url_https': 'https://abs.twimg.com/images/themes/theme1/bg.png', 'profile_background_tile': False, 'profile_image_url': 'http://pbs.twimg.com/profile_images/1018062437638029318/3C-9lbbB_normal.jpg', 'profile_image_url_https': 'https://pbs.twimg.com/profile_images/1018062437638029318/3C-9lbbB_normal.jpg', 'profile_banner_url': 'https://pbs.twimg.com/profile_banners/497665754/1552187669', 'profile_link_color': 'FF691F', 'profile_sidebar_border_color': '000000', 'profile_sidebar_fill_color': '000000', 'profile_text_color': '000000', 'profile_use_background_image': False, 'has_extended_profile': True, 'default_profile': False, 'default_profile_image': False, 'following': False, 'follow_request_sent': False, 'notifications': False, 'translator_type': 'none'}, 'geo': None, 'coordinates': None, 'place': None, 'contributors': None, 'is_quote_status': False, 'retweet_count': 26, 'favorite_count': 61, 'favorited': False, 'retweeted': False, 'possibly_sensitive': False, 'lang': 'in'}",1.118180323840258e+18,1118180323840258048,0,False,,"<a href=""http://twitter.com"" rel=""nofollow"">Twitter Web Client</a>",False,"{'id': 17037044, 'id_str': '17037044', 'name': 'Azlyn Balqis', 'screen_name': 'lynfunkstar', 'location': 'Kuala Lumpur', 'description': 'Digital Content for Astro Radio. Former newsreader for @AstroRadioNews, @BFMradio & Social Media kid for @malaymail, @hitzdotmy. Opinions are my own üëæ', 'url': 'https://t.co/l8Ycz5UHdn', 'entities': {'url': {'urls': [{'url': 'https://t.co/l8Ycz5UHdn', 'expanded_url': 'http://Instagram.com/lynfunkstar', 'display_url': 'Instagram.com/lynfunkstar', 'indices': [0, 23]}]}, 'description': {'urls': []}}, 'protected': False, 'followers_count': 2263, 'friends_count': 687, 'listed_count': 25, 'created_at': 'Wed Oct 29 06:13:11 +0000 2008', 'favourites_count': 2222, 'utc_offset': None, 'time_zone': None, 'geo_enabled': True, 'verified': False, 'statuses_count': 51045, 'lang': 'en', 'contributors_enabled': False, 'is_translator': False, 'is_translation_enabled': False, 'profile_background_color': '352726', 'profile_background_image_url': 'http://abs.twimg.com/images/themes/theme9/bg.gif', 'profile_background_image_url_https': 'https://abs.twimg.com/images/themes/theme9/bg.gif', 'profile_background_tile': True, 'profile_image_url': 'http://pbs.twimg.com/profile_images/1059378066152017920/oncUjC5t_normal.jpg', 'profile_image_url_https': 'https://pbs.twimg.com/profile_images/1059378066152017920/oncUjC5t_normal.jpg', 'profile_banner_url': 'https://pbs.twimg.com/profile_banners/17037044/1522174464', 'profile_link_color': 'E81C4F', 'profile_sidebar_border_color': '000000', 'profile_sidebar_fill_color': '49A300', 'profile_text_color': '000000', 'profile_use_background_image': True, 'has_extended_profile': True, 'default_profile': False, 'default_profile_image': False, 'following': False, 'follow_request_sent': False, 'notifications': False, 'translator_type': 'regular'}"
,,Wed Apr 17 00:55:28 +0000 2019,"[0, 178]","{'hashtags': [], 'symbols': [], 'user_mentions': [{'screen_name': 'GobindSinghDeo', 'name': 'GobindSinghDeo', 'id': 135542370, 'id_str': '135542370', 'indices': [9, 24]}, {'screen_name': 'helpmeunifi', 'name': 'help me unifi', 'id': 337579340, 'id_str': '337579340', 'indices': [138, 150]}, {'screen_name': 'unifi', 'name': 'unifi', 'id': 94323843, 'id_str': '94323843', 'indices': [151, 157]}], 'urls': [{'url': 'https://t.co/zdWnOhjj71', 'expanded_url': 'https://twitter.com/ikhwan021/status/1118004817832452098', 'display_url': 'twitter.com/ikhwan021/stat‚Ä¶', 'indices': [179, 202]}]}",,1,False,Dear Sir Kindly look into this matter as I ve made numerous complaint and get nothing from it Hoping you could bother so could strive better,,1118317016702566402,1118317016702566402,,,,,,True,en,"{'iso_language_code': 'en', 'result_type': 'recent'}",,False,"{'created_at': 'Tue Apr 16 04:14:54 +0000 2019', 'id': 1118004817832452098, 'id_str': '1118004817832452098', 'full_text': 'My cancellation request yet to be completed. IBeen a week already. Your team informed that the request to be completed within 3 days. But now? üôÑ\n\nOnly received unjustified reasons with lot of apologies. Please resolve this soonest so that I can apply other provider. https://t.co/14O185IrJ4', 'truncated': False, 'display_text_range': [0, 266], 'entities': {'hashtags': [], 'symbols': [], 'user_mentions': [], 'urls': [{'url': 'https://t.co/14O185IrJ4', 'expanded_url': 'https://twitter.com/unifi/status/1118000358523953152', 'display_url': 'twitter.com/unifi/status/1‚Ä¶', 'indices': [267, 290]}]}, 'metadata': {'iso_language_code': 'en', 'result_type': 'recent'}, 'source': '<a href=""http://twitter.com/download/iphone"" rel=""nofollow"">Twitter for iPhone</a>', 'in_reply_to_status_id': None, 'in_reply_to_status_id_str': None, 'in_reply_to_user_id': None, 'in_reply_to_user_id_str': None, 'in_reply_to_screen_name': None, 'user': {'id': 136598064, 'id_str': '136598064', 'name': 'im', 'screen_name': 'ikhwan021', 'location': '#MUFC', 'description': ""NFN's   PSN ID: mimnfn"", 'url': 'https://t.co/wJl2FjEsGb', 'entities': {'url': {'urls': [{'url': 'https://t.co/wJl2FjEsGb', 'expanded_url': 'http://www.cgc.com.my', 'display_url': 'cgc.com.my', 'indices': [0, 23]}]}, 'description': {'urls': []}}, 'protected': False, 'followers_count': 500, 'friends_count': 340, 'listed_count': 6, 'created_at': 'Sat Apr 24 11:12:51 +0000 2010', 'favourites_count': 43057, 'utc_offset': None, 'time_zone': None, 'geo_enabled': True, 'verified': False, 'statuses_count': 62493, 'lang': 'en', 'contributors_enabled': False, 'is_translator': False, 'is_translation_enabled': False, 'profile_background_color': 'FFFFFF', 'profile_background_image_url': 'http://abs.twimg.com/images/themes/theme14/bg.gif', 'profile_background_image_url_https': 'https://abs.twimg.com/images/themes/theme14/bg.gif', 'profile_background_tile': False, 'profile_image_url': 'http://pbs.twimg.com/profile_images/937246427117264896/gTzjjQz2_normal.jpg', 'profile_image_url_https': 'https://pbs.twimg.com/profile_images/937246427117264896/gTzjjQz2_normal.jpg', 'profile_banner_url': 'https://pbs.twimg.com/profile_banners/136598064/1491752794', 'profile_link_color': 'DD2E44', 'profile_sidebar_border_color': '000000', 'profile_sidebar_fill_color': '110E0F', 'profile_text_color': 'AE9C93', 'profile_use_background_image': True, 'has_extended_profile': True, 'default_profile': False, 'default_profile_image': False, 'following': False, 'follow_request_sent': False, 'notifications': False, 'translator_type': 'none'}, 'geo': None, 'coordinates': None, 'place': None, 'contributors': None, 'is_quote_status': True, 'quoted_status_id': 1118000358523953152, 'quoted_status_id_str': '1118000358523953152', 'retweet_count': 1, 'favorite_count': 0, 'favorited': False, 'retweeted': False, 'possibly_sensitive': False, 'lang': 'en'}",1.1180048178324521e+18,1118004817832452098,0,False,,"<a href=""http://twitter.com/download/iphone"" rel=""nofollow"">Twitter for iPhone</a>",False,"{'id': 136598064, 'id_str': '136598064', 'name': 'im', 'screen_name': 'ikhwan021', 'location': '#MUFC', 'description': ""NFN's   PSN ID: mimnfn"", 'url': 'https://t.co/wJl2FjEsGb', 'entities': {'url': {'urls': [{'url': 'https://t.co/wJl2FjEsGb', 'expanded_url': 'http://www.cgc.com.my', 'display_url': 'cgc.com.my', 'indices': [0, 23]}]}, 'description': {'urls': []}}, 'protected': False, 'followers_count': 500, 'friends_count': 340, 'listed_count': 6, 'created_at': 'Sat Apr 24 11:12:51 +0000 2010', 'favourites_count': 43057, 'utc_offset': None, 'time_zone': None, 'geo_enabled': True, 'verified': False, 'statuses_count': 62493, 'lang': 'en', 'contributors_enabled': False, 'is_translator': False, 'is_translation_enabled': False, 'profile_background_color': 'FFFFFF', 'profile_background_image_url': 'http://abs.twimg.com/images/themes/theme14/bg.gif', 'profile_background_image_url_https': 'https://abs.twimg.com/images/themes/theme14/bg.gif', 'profile_background_tile': False, 'profile_image_url': 'http://pbs.twimg.com/profile_images/937246427117264896/gTzjjQz2_normal.jpg', 'profile_image_url_https': 'https://pbs.twimg.com/profile_images/937246427117264896/gTzjjQz2_normal.jpg', 'profile_banner_url': 'https://pbs.twimg.com/profile_banners/136598064/1491752794', 'profile_link_color': 'DD2E44', 'profile_sidebar_border_color': '000000', 'profile_sidebar_fill_color': '110E0F', 'profile_text_color': 'AE9C93', 'profile_use_background_image': True, 'has_extended_profile': True, 'default_profile': False, 'default_profile_image': False, 'following': False, 'follow_request_sent': False, 'notifications': False, 'translator_type': 'none'}"
,,Wed Apr 17 00:38:31 +0000 2019,"[0, 279]","{'hashtags': [], 'symbols': [], 'user_mentions': [{'screen_name': 'GobindSinghDeo', 'name': 'GobindSinghDeo', 'id': 135542370, 'id_str': '135542370', 'indices': [42, 57]}, {'screen_name': 'unifi', 'name': 'unifi', 'id': 94323843, 'id_str': '94323843', 'indices': [186, 192]}], 'urls': [{'url': 'https://t.co/WPamf4hl7W', 'expanded_url': 'https://www.freemalaysiatoday.com/category/nation/2019/04/17/broadband-now-cheaper-by-49-says-mcmc/', 'display_url': 'freemalaysiatoday.com/category/natio‚Ä¶', 'indices': [9, 32]}]}",,0,False,This one tipu lah Where got cheaper only for new customer only The old subscribers still tied to the old potong leher price Tak percaya tanya Then dimana hasratnya tercapai utk internet yg harga berpatutan In the dream land,,1118312750017441792,1118312750017441792,,,,,,False,en,"{'iso_language_code': 'en', 'result_type': 'recent'}","{'id': '7b02fbddf4d9f2c6', 'url': 'https://api.twitter.com/1.1/geo/id/7b02fbddf4d9f2c6.json', 'place_type': 'city', 'name': 'Kuala Lumpur City', 'full_name': 'Kuala Lumpur City, Kuala Lumpur Federal Territory', 'country_code': 'MY', 'country': 'Malaysia', 'contained_within': [], 'bounding_box': {'type': 'Polygon', 'coordinates': [[[101.6682318, 3.1049064], [101.7423782, 3.1049064], [101.7423782, 3.1921549], [101.6682318, 3.1921549]]]}, 'attributes': {}}",False,,,,0,False,,"<a href=""http://twitter.com/download/android"" rel=""nofollow"">Twitter for Android</a>",False,"{'id': 73133019, 'id_str': '73133019', 'name': 'Luqmanul Hakim A R', 'screen_name': 'LuQiee', 'location': 'Kuala Lumpur', 'description': '', 'url': None, 'entities': {'description': {'urls': []}}, 'protected': False, 'followers_count': 922, 'friends_count': 507, 'listed_count': 10, 'created_at': 'Thu Sep 10 14:50:19 +0000 2009', 'favourites_count': 459, 'utc_offset': None, 'time_zone': None, 'geo_enabled': True, 'verified': False, 'statuses_count': 9064, 'lang': 'en', 'contributors_enabled': False, 'is_translator': False, 'is_translation_enabled': False, 'profile_background_color': '696969', 'profile_background_image_url': 'http://abs.twimg.com/images/themes/theme1/bg.png', 'profile_background_image_url_https': 'https://abs.twimg.com/images/themes/theme1/bg.png', 'profile_background_tile': False, 'profile_image_url': 'http://pbs.twimg.com/profile_images/3635860555/e3d23bc430e2ee49a435642ae2b0beb1_normal.jpeg', 'profile_image_url_https': 'https://pbs.twimg.com/profile_images/3635860555/e3d23bc430e2ee49a435642ae2b0beb1_normal.jpeg', 'profile_banner_url': 'https://pbs.twimg.com/profile_banners/73133019/1453063865', 'profile_link_color': 'CD960C', 'profile_sidebar_border_color': 'FFBB0F', 'profile_sidebar_fill_color': '110F12', 'profile_text_color': '8B6608', 'profile_use_background_image': True, 'has_extended_profile': False, 'default_profile': False, 'default_profile_image': False, 'following': False, 'follow_request_sent': False, 'notifications': False, 'translator_type': 'none'}"
,,Tue Apr 16 23:28:52 +0000 2019,"[0, 85]","{'hashtags': [], 'symbols': [], 'user_mentions': [{'screen_name': 'unifi', 'name': 'unifi', 'id': 94323843, 'id_str': '94323843', 'indices': [0, 6]}], 'urls': []}",,0,False,24 hours already amp my unifi is not working amp we always pay on timeeeee,,1118295223371620352,1118295223371620352,unifi,,,94323843.0,94323843,False,en,"{'iso_language_code': 'en', 'result_type': 'recent'}",,,,,,0,False,,"<a href=""http://twitter.com/download/iphone"" rel=""nofollow"">Twitter for iPhone</a>",False,"{'id': 896978897530531841, 'id_str': '896978897530531841', 'name': 'Nadia Farhana', 'screen_name': 'eneneffj', 'location': 'Malaysia', 'description': 'Nadia | 24 | üå∫üá≤üáæ | \U0001f9d8üèª\u200d‚ôÄÔ∏è', 'url': None, 'entities': {'description': {'urls': []}}, 'protected': False, 'followers_count': 159, 'friends_count': 222, 'listed_count': 0, 'created_at': 'Mon Aug 14 06:16:49 +0000 2017', 'favourites_count': 4028, 'utc_offset': None, 'time_zone': None, 'geo_enabled': True, 'verified': False, 'statuses_count': 4587, 'lang': 'en', 'contributors_enabled': False, 'is_translator': False, 'is_translation_enabled': False, 'profile_background_color': 'F5F8FA', 'profile_background_image_url': None, 'profile_background_image_url_https': None, 'profile_background_tile': False, 'profile_image_url': 'http://pbs.twimg.com/profile_images/1104780373228105728/2APyYi53_normal.jpg', 'profile_image_url_https': 'https://pbs.twimg.com/profile_images/1104780373228105728/2APyYi53_normal.jpg', 'profile_banner_url': 'https://pbs.twimg.com/profile_banners/896978897530531841/1554141461', 'profile_link_color': '1DA1F2', 'profile_sidebar_border_color': 'C0DEED', 'profile_sidebar_fill_color': 'DDEEF6', 'profile_text_color': '333333', 'profile_use_background_image': True, 'has_extended_profile': True, 'default_profile': True, 'default_profile_image': False, 'following': False, 'follow_request_sent': False, 'notifications': False, 'translator_type': 'none'}"
